Panel Design,My Price,Retail,Wholesale,Description,Quantity,Image URL
Fibo Wall Panels 2204 S Cracked Cement,$230.00,$345.00,$276.00,"Introducing Fibo Wall Panels 2204 S Cracked Cement, perfect for modernizing bathrooms. Transform any space into a chic oasis with these durable and stylish panels.  Fibo Wall Panels sold by Shield Panels, a division of Paint Baum.",50,https://img1.wsimg.com/isteam/ip/9c9ddc50-17e9-43ca-af56-dfd2999e1dea/ols/Fibo%202204%20S%20Cracked%20Cement%20Shield%20Panels%20Wall%20.png
Avalon Pine 412 MOO EM,$230.00,$345.00,$276.00,"Introducing the Fibo Wall Panel 412 MOO EM Avalon Pine - a superior choice for enhancing your bathroom. This durable and stylish wall panel adds a touch of elegance to any space.  Fibo Wall Panels sold by Shield Panels, a division of Paint Baum.",50,https://img1.wsimg.com/isteam/ip/9c9ddc50-17e9-43ca-af56-dfd2999e1dea/ols/Fibo%201412-M00%20EM%20Avalon%20Pine%20Shield%20Panels%20Wal.png
Marina Oak 1949 M00 EM,$230.00,$345.00,$276.00,"Introducing Fibo Wall Panels 1949 M00 EM Marina Oak - a premium building supply for exquisite interiors. Enhance your bathroom with these elegant panels.  Fibo Wall Panels sold by Shield Panels, a division of Paint Baum. ShieldPanels.com",50,https://img1.wsimg.com/isteam/ip/9c9ddc50-17e9-43ca-af56-dfd2999e1dea/ols/Fibo%201949-M00%20EM%20Marina%20Oak%20Shield%20Pan-d21d2ad.png
Orange High Gloss 2122 F00 HG,$230.00,$345.00,$276.00,"Introducing the Fibo Wall Panels 2122 F00 Orange HG High Gloss, a stunning addition to your bathroom. Transform your space with vibrant orange walls, complemented by sleek white cabinets. Perfect for builders and renovators in the building supplies industry. Fibo Wall Panels sold by Shield Panels, a division of Paint Baum.",50,https://img1.wsimg.com/isteam/ip/9c9ddc50-17e9-43ca-af56-dfd2999e1dea/ols/Fibo%202122-F00%20HG%20Orange%20Shield%20Panels%20Wall%20Pan.png
New York Black High Gloss 2124 M0303 HG,$230.00,$345.00,$276.00,"Introducing the Fibo Wall Panel 2124 M0303 HG in New York Black High Gloss. Enhance your space with this sleek, tiled panel, perfect for building supplies and professional settings.  Fibo Wall Panels sold by Shield Panels, a division of Paint Baum.  ShieldPanels.com",50,https://img1.wsimg.com/isteam/ip/9c9ddc50-17e9-43ca-af56-dfd2999e1dea/ols/Fibo%202124-M0303%20HG%20New%20York%20Black%20Shield%20Panel.png
Deep Yellow Extra Matte 2167-M00 EM,$230.00,$345.00,$276.00,"Introducing our Fibo Wall Panels 2167-M00 EM Deep Yellow Extra Matte; a stunning addition to any bathroom. Transform your space with vibrant yellow walls and a sleek finish.  Fibo Wall Panels sold by Shield Panels, a division of Paint Baum.",50,https://img1.wsimg.com/isteam/ip/9c9ddc50-17e9-43ca-af56-dfd2999e1dea/ols/Fibo%202167-M00%20EM%20Deep%20Yellow%20Shield%20Panels%20Wal.png
Silver Grey Marble 2279-M6060 S,$230.00,$345.00,$276.00,"Introducing the Fibo Wall Panels 2279-M6060 S in Silver Grey Marble, perfect for elevating your bathroom aesthetics. Transform your space with these sleek, durable panels.",50,https://img1.wsimg.com/isteam/ip/9c9ddc50-17e9-43ca-af56-dfd2999e1dea/ols/Fibo%202279-M6060%20S%20Silver%20Grey%20Marble%20Shield%20Pa.png
Bianco Marble 2487-M6060 S,$230.00,$345.00,$276.00,"Introducing the Fibo Wall Panels 2487-M6060 S Bianco Marble, the perfect addition to elevate your bathroom design. With its sleek and sophisticated look, these panels offer a luxurious feel to any space. Ideal for building supplies professionals.",50,https://img1.wsimg.com/isteam/ip/9c9ddc50-17e9-43ca-af56-dfd2999e1dea/ols/Fibo%202487-M6060%20S%20Bianco%20Marble%20Shield%20Panels%20.png
Shabby Chic 2898-M63 RU,$230.00,$345.00,$276.00,"Introducing the Fibo Wall Panels 2898-M63 RU Shabby Chic, ideal for upgrading your bathroom effortlessly. Enhance your space with these stylish panels, offering a sleek black sink, pristine white walls, and a charming round mirror. Perfect for building supplies enthusiasts.  Buy Fibo Wall Panels anywhere in the US from Panel Shields or at FiboCO.com",50,https://img1.wsimg.com/isteam/ip/9c9ddc50-17e9-43ca-af56-dfd2999e1dea/ols/Fibo%202898-M63%20RU%20Shabby%20Chic%20Shield%20Pa-31afe52.png
Denver White High Gloss 3091-M63 HG,$230.00,$345.00,$276.00,Introducing the Fibo Wall Panels 3091-M63 HG Denver White High Gloss - the perfect solution for elevating any bathroom with its sleek and glossy finish. Transform your space with ease.  Buy Fibo wall panels anywhere in the US from Shield Panels or FiboCO.com,50,https://img1.wsimg.com/isteam/ip/9c9ddc50-17e9-43ca-af56-dfd2999e1dea/ols/Fibo%203091-M63%20HG%20Denver%20White%20Shield%20Panels%20Wa.png
Denver White High Gloss 3091 M74 HG,$230.00,$345.00,$276.00,"Introducing the Fibo Wall Panels 3091 M74 HG Denver White High Gloss, meticulously crafted for your building needs. Achieve a stunning, durable, and easy-to-maintain finish with this premium paneling solution. Buy Fibo Wall Panels anywhere in the US from Shield Panels or FiboCO.com",50,https://img1.wsimg.com/isteam/ip/9c9ddc50-17e9-43ca-af56-dfd2999e1dea/ols/Fibo%203091-M74%20HG%20Denver%20White%20Shield%20Panels%20Wa.png
Bright Marble High Gloss 3487 M00 HG,$230.00,$345.00,$276.00,"Introducing the Fibo Wall Panels 3487 M00 HG Bright Marble High Gloss, perfect for elevating any bathroom space. Achieve a sleek, modern look with these premium wall panels. Buy Fibo anywhere in the US from Shield Panels or at FiboCO.com",50,https://img1.wsimg.com/isteam/ip/9c9ddc50-17e9-43ca-af56-dfd2999e1dea/ols/Fibo%203487-M00%20HG%20Bright%20Marble%20Shield%20Panels%20W.png
Bright Marble High Gloss 3487 M6060 HG,$230.00,$345.00,$276.00,"Introducing the Fibo Wall Panels 3487 M6060 HG Bright Marble High Gloss, the perfect solution for elevating your bathroom aesthetics. Transform your space with these sleek, high-quality panels. Buy Fibo anywhere in the US at Shield Panels or at FiboCO.com",10,https://img1.wsimg.com/isteam/ip/9c9ddc50-17e9-43ca-af56-dfd2999e1dea/ols/Fibo%203487-M6060%20HG%20Bright%20Marble%20Shield%20Panels.png
Terrasso Light 4001 M00 S,$230.00,$345.00,$276.00,"Introducing the Fibo Wall Panels 4001 M00 S Terrazzo Light, a durable and stylish building supply solution. Enhance your space with ease and efficiency. Buy Fibo online anywhere in the US at Shield Panels or FiboCO.com",10,https://img1.wsimg.com/isteam/ip/9c9ddc50-17e9-43ca-af56-dfd2999e1dea/ols/Fibo%204001-M00%20S%20Terrasso%20Light%20Shield%20Panels%20W.png
Terrasso Dark 4002 M00 S,$230.00,$345.00,$276.00,"Introducing the Fibo Wall Panels 4002 M00 S Terrasso Dark, a game-changer in bathroom design. With its sleek, dark walls and white countertop, create a modern and sophisticated space effortlessly. Explore the limitless possibilities of our building supplies today.  Buy Fibo online anywhere in the US at Shield Panels or at FiboCO.com",10,https://img1.wsimg.com/isteam/ip/9c9ddc50-17e9-43ca-af56-dfd2999e1dea/ols/Fibo%204002-M00%20S%20Terrasso%20Dark%20Shield%20Panels%20Wa.png
London High Gloss 4115 M6030 HG,$230.00,$345.00,$276.00,"Introducing Fibo Wall Panels 4115 M6030 HG London High Gloss, the perfect choice for elevating your bathroom decor. Enhance your space with these sleek, durable panels, exuding a professional charm. Buy Fibo online in the US from Shield Panels or FiboCO.com",10,https://img1.wsimg.com/isteam/ip/9c9ddc50-17e9-43ca-af56-dfd2999e1dea/ols/Fibo%204115-M6030%20HG%20London%20Shield%20Panels%20Wall%20P.png
London High Gloss 4115 M74 HG,$230.00,$345.00,$276.00,"Introducing the Fibo Wall Panels 4115 M74 HG London High Gloss! Enhance your bathroom with these stylish panels, featuring a sleek design, perfect for a modern and sophisticated look. Buy Fibo online in the US at Shield Panels and FiboCO.com.  Your trusted US source for retail Fibo sales and wholesale Fibo sales.",10,https://img1.wsimg.com/isteam/ip/9c9ddc50-17e9-43ca-af56-dfd2999e1dea/ols/Fibo%204115-M74%20HG%20London%20Shield%20Panels%20Wall%20Pan.png
Grey Sahara 4746 M6040 STN,$230.00,$345.00,$276.00,Introducing the Fibo Wall Panels 4746 M6040 STN Grey Sahara - the ultimate solution for stylish and durable wall coverings in buildings.   Buy Fibo online in the US at Shield Panels and FiboCO.com . Your trusted US source for retail Fibo sales and wholesale Fibo sales.,10,https://img1.wsimg.com/isteam/ip/9c9ddc50-17e9-43ca-af56-dfd2999e1dea/ols/Fibo%204746-M6040%20STN%20Grey%20Sahara%20Shield%20Panels%20.png
Olive Green 5206 M00 EM,$230.00,$345.00,$276.00,"Introducing the Fibo Wall Panels 5206 M00 EM Olive Green – the perfect solution for transforming your bathroom into a sleek, modern oasis. Crafted with precision, these panels add a touch of elegance to any space. Buy Fibo online in the US at Shield Panels and FiboCO.com . Your trusted US source for retail Fibo sales and wholesale Fibo sales.",10,https://img1.wsimg.com/isteam/ip/9c9ddc50-17e9-43ca-af56-dfd2999e1dea/ols/Fibo%205206-M00%20EM%20Olive%20Green%20Shield%20Panels%20Wal.png
Camo Green High Gloss 5207 M00 HG,$230.00,$345.00,$276.00,"Introducing the Fibo Wall Panels 5207 M00 HG Camo Green High Gloss - the perfect addition to elevate any bathroom space with its vibrant, glossy green wall. Transform your bathroom into a sleek oasis with ease.  Buy Fibo online in the US at Shield Panels and FiboCO.com . Your trusted US source for retail Fibo sales and wholesale Fibo sales.",10,https://img1.wsimg.com/isteam/ip/9c9ddc50-17e9-43ca-af56-dfd2999e1dea/ols/Fibo%205207-M00%20HG%20Camo%20Green%20Shield%20Panels%20Wall.png
Yellow High Gloss 5223 F00 HG,$230.00,$345.00,$276.00,"Introducing the Fibo Wall Panels 5223 F00 HG Yellow High Gloss – the perfect addition to elevate your bathroom decor. With its vibrant yellow finish and sleek high gloss design, these panels effortlessly transform any space into a contemporary oasis. Crafted for durability and easy installation, these panels are a must-have for any building project. Ideal for the building supplies industry.  Buy Fibo online in the US at Shield Panels and FiboCO.com . Your trusted US source for retail Fibo sales and wholesale Fibo sales.",10,https://img1.wsimg.com/isteam/ip/9c9ddc50-17e9-43ca-af56-dfd2999e1dea/ols/Fibo%205223-F00%20HG%20Yellow%20Shield%20Panels%20Wall%20Pan.png
Rough Wood 7969 M66 SC,$230.00,$345.00,$276.00,"Introducing Fibo Wall Panels 7969 M66 SC Rough Wood, the perfect solution for transforming your bathroom into a sleek and sophisticated space. Enhance your walls with authentic wooden texture and enjoy hassle-free installation. Ideal for builders and contractors in the buildingsupplies industry. Buy Fibo online in the US at Shield Panels and FiboCO.com . Your trusted US source for retail Fibo sales and wholesale Fibo sales.",0,https://img1.wsimg.com/isteam/ip/9c9ddc50-17e9-43ca-af56-dfd2999e1dea/ols/Fibo%207969-M66%20SC%20Rough%20Wood%20Shield%20Panels%20Wall.png
Grande 1532 N,$230.00,$345.00,$276.00,"Introducing Fibo Wall Panels 1532 N Grande, the ultimate solution for modernizing your bathroom. Easy to install, these durable panels offer a sleek and sophisticated look to elevate any space. Buy Fibo online in the US at Shield Panels and FiboCO.com . Your trusted US source for retail Fibo sales and wholesale Fibo sales.",0,https://img1.wsimg.com/isteam/ip/9c9ddc50-17e9-43ca-af56-dfd2999e1dea/ols/Fibo%201532%20N%20Grande%20Shield%20Panels%20Wall%20Panels.png
White Silk 110 S,$230.00,$345.00,$276.00,"Introducing the Fibo Wall Panels 110 S White Silk, an elegant addition to your bathroom decor. These high-quality panels provide a sleek finish, perfect for any building supplies project. Buy Fibo online in the US at Shield Panels and FiboCO.com . Your trusted US source for retail Fibo sales and wholesale Fibo sales.",0,https://img1.wsimg.com/isteam/ip/9c9ddc50-17e9-43ca-af56-dfd2999e1dea/ols/Fibo%20110%20White%20Silk%20Shield%20Panels%20Wall%20Panels.png
Black Marble 2272 S,$230.00,$345.00,$276.00,"Introducing Fibo Wall Panels 2272 S Black Marble - elevate your bathroom's aesthetic with a sleek and sophisticated black marble wall, showcasing a sink and mirror. Perfect for building supplies enthusiasts. Buy Fibo online in the US at Shield Panels and FiboCO.com . Your trusted US source for retail Fibo sales and wholesale Fibo sales.",0,https://img1.wsimg.com/isteam/ip/9c9ddc50-17e9-43ca-af56-dfd2999e1dea/ols/Fibo%202272%20S%20Black%20Marble%20Shield%20Panels%20Wall%20Pa.png
White Marble 2273 S,$230.00,$345.00,$276.00,"Introducing Fibo Wall Panels 2273 S White Marble, the perfect choice for elevating your bathroom's aesthetic. Featuring a sleek white wall design, these panels exude sophistication and durability. Ideal for any professional buildingsupplies project. Buy Fibo online in the US at Shield Panels and FiboCO.com . Your trusted US source for retail Fibo sales and wholesale Fibo sales.",0,https://img1.wsimg.com/isteam/ip/9c9ddc50-17e9-43ca-af56-dfd2999e1dea/ols/Fibo%202273%20S%20White%20Marble%20Shield%20Panels%20Wall%20Pa.png
Shabby Chic 2898 RU,$280.00,$420.00,$336.00,"Introducing the Fibo Wall Panels 2898 RU Shabby Chic, perfect for elevating your bathroom decor. Enhance your space with these stylish and durable panels, ideal for building supplies. Buy Fibo online in the US at Shield Panels and FiboCO.com . Your trusted US source for retail Fibo sales and wholesale Fibo sales.",4,https://img1.wsimg.com/isteam/ip/9c9ddc50-17e9-43ca-af56-dfd2999e1dea/ols/Fibo%202898%20RU%20Shabby%20Chic%20Shield%20Panels%20Wall%20Pa.png
White High Gloss 110 HG,$280.00,$420.00,$336.00,"Introducing the Fibo Wall Panels 110 HG White High Gloss, perfect for elevating any bathroom space. Enhance your interiors with ease, thanks to our durable and stylish wall panels. Buy Fibo online in the US at Shield Panels and FiboCO.com . Your trusted US source for retail Fibo sales and wholesale Fibo sales.",4,https://img1.wsimg.com/isteam/ip/9c9ddc50-17e9-43ca-af56-dfd2999e1dea/ols/Fibo%20110%20HG%20White%20Shield%20Panels%20Wall%20Panels.png
Abby Shale 4281 GEM,$280.00,$420.00,$336.00,Introducing Fibo Wall Panels 4281 GEM Abby Shale - an elegant and timeless solution for your bathroom. Experience superior quality and style that effortlessly transforms any space. Buy Fibo online in the US at Shield Panels and FiboCO.com . Your trusted US source for retail Fibo sales and wholesale Fibo sales.,4,https://img1.wsimg.com/isteam/ip/9c9ddc50-17e9-43ca-af56-dfd2999e1dea/ols/Fibo%204281%20GEM%20Abby%20Shale%20Shield%20Panels%20Wall%20Pa.png
Grey Sahara 4746 STN,$280.00,$420.00,$336.00,"Introducing Fibo Wall Panels 4746 STN Grey Sahara, the perfect solution for your bathroom renovation. Achieve a sleek and modern look with easy installation and durability. Ideal for building professionals. Buy Fibo online in the US at Shield Panels and FiboCO.com . Your trusted US source for retail Fibo sales and wholesale Fibo sales.",4,https://img1.wsimg.com/isteam/ip/9c9ddc50-17e9-43ca-af56-dfd2999e1dea/ols/Fibo%204746%20STN%20Grey%20Sahara%20Shield%20Panels%20Wall%20P.png
Grey Concrete Extra Matte 4943 EM,$280.00,$420.00,$336.00,"Introducing the Fibo Wall Panels 4943 EM Grey Concrete Extra Matte, ideal for enhancing your bathroom's aesthetic. Achieve a sleek, modern look with these durable, easy-to-install panels. Perfect for businesses in the building supplies category. Buy Fibo online in the US at Shield Panels and FiboCO.com . Your trusted US source for retail Fibo sales and wholesale Fibo sales.",4,https://img1.wsimg.com/isteam/ip/9c9ddc50-17e9-43ca-af56-dfd2999e1dea/ols/Fibo%204943%20EM%20Grey%20Concrete%20Shield%20Panels%20Wall%20.png
Rough Wood 7969 SC,$280.00,$420.00,$336.00,"Introducing Fibo Wall Panels 7969 SC Rough Wood – an exquisite addition to any bathroom design. These durable panels bring a touch of elegance to your space, transforming it into a modern oasis. Ideal for building supplies. Buy Fibo online in the US at Shield Panels and FiboCO.com . Your trusted US source for retail Fibo sales and wholesale Fibo sales.",4,https://img1.wsimg.com/isteam/ip/9c9ddc50-17e9-43ca-af56-dfd2999e1dea/ols/Fibo%207969%20SC%20Rough%20Wood%20Shield%20Panels%20Wall%20Pan.png
Lentini Grey 8053 STN,$280.00,$420.00,$336.00,"Introducing the Fibo Wall Panels 8053 STN Lentini Grey, perfect for transforming your bathroom into a modern oasis. Offering durability and aesthetic appeal, these panels are a must-have for any building supplies professional. Buy Fibo online in the US at Shield Panels and FiboCO.com . Your trusted US source for retail Fibo sales and wholesale Fibo sales.",4,https://img1.wsimg.com/isteam/ip/9c9ddc50-17e9-43ca-af56-dfd2999e1dea/ols/Fibo%208053%20STN%20Lentini%20Grey%20Shield%20Panels%20Wall%20.png
Marina Grey Oak Extra Matte 0194 EM,$280.00,$420.00,$336.00,"Introducing the Fibo Wall Panels 0194 EM Marina Grey Oak Extra Matte, ideal for bathrooms. Enhance your space with this sleek and durable wall panel, perfect for any building supplies project.",2,https://img1.wsimg.com/isteam/ip/9c9ddc50-17e9-43ca-af56-dfd2999e1dea/ols/Fibo%200194%20EM%20Marina%20Grey%20Oak%20Shield%20Pa-c0e8b5c.png